https://images.squarespace-cdn.com/content/v1/60cbb01990bac806857a85e4/0204e1d0-a1d3-4c11-842c-f49c021a62d3/1277543_579932695377622_866216691_o-square.jpg	1277543_579932695377622_866216691_o-square.jpg
https://images.squarespace-cdn.com/content/v1/60cbb01990bac806857a85e4/1624324170454-6YC1OSWXFMC1FGN5U9V0/gunther%2Bsax.jpg	gunther_sax.jpg
https://images.squarespace-cdn.com/content/v1/60cbb01990bac806857a85e4/1624324432094-U0LF3EDU9S2G9VWCSWFV/Harpo-wall.jpg	Harpo-wall.jpg
https://images.squarespace-cdn.com/content/v1/60cbb01990bac806857a85e4/1624384798313-6FI35IS427X9Z7ZI39DI/55351_887109758033_488496377_o.jpg	55351_887109758033_488496377_o.jpg
https://images.squarespace-cdn.com/content/v1/60cbb01990bac806857a85e4/1624389827821-3HRQDSO7QO6PBAHLHB4T/2.jpg	2.jpg
https://images.squarespace-cdn.com/content/v1/60cbb01990bac806857a85e4/1624406125933-RL6FI60RMLF7X1JOGRJE/1776%2Bthumb.jpg	1776_thumb.jpg
https://images.squarespace-cdn.com/content/v1/60cbb01990bac806857a85e4/1624406762233-MZO2O21V0DP6MFUI6JEE/621597_868904975563_1074965140_o.jpg	621597_868904975563_1074965140_o.jpg
https://images.squarespace-cdn.com/content/v1/60cbb01990bac806857a85e4/1624408498899-08P76KEWXM5MWTN1NZYI/C74F8DC3-0360-4544-9E4D-53AC697E3590.jpeg	C74F8DC3-0360-4544-9E4D-53AC697E3590.jpeg
https://images.squarespace-cdn.com/content/v1/60cbb01990bac806857a85e4/1624408746173-WXLCJCHCZ7TONZLBB0OH/12534_545153990133_5948287_n.jpg	12534_545153990133_5948287_n.jpg
https://images.squarespace-cdn.com/content/v1/60cbb01990bac806857a85e4/1624409375193-LU5RRYCXN1P8KVI59OZA/560656_379118125459081_825758251_n.jpg	560656_379118125459081_825758251_n.jpg
https://images.squarespace-cdn.com/content/v1/60cbb01990bac806857a85e4/1624410052388-S89OUUQXFB9N1PHFK4JN/1658355_786812051377591_9050498053038641895_o.jpg	1658355_786812051377591_9050498053038641895_o.jpg
https://images.squarespace-cdn.com/content/v1/60cbb01990bac806857a85e4/1624413327349-M8VFCNTZOYQ3NSJJDQOU/ECEF6630-6E3B-43A5-9FA7-879B10532E76.jpeg	ECEF6630-6E3B-43A5-9FA7-879B10532E76.jpeg
https://images.squarespace-cdn.com/content/v1/60cbb01990bac806857a85e4/1624413403510-4G9QSB0WMQRP181LJPVU/P8314378.jpg	P8314378.jpg
https://images.squarespace-cdn.com/content/v1/60cbb01990bac806857a85e4/1624474850174-O1YS49YHVTYQ18VU1H75/135306_10100145984398153_1750707807_o.jpg	135306_10100145984398153_1750707807_o.jpg
https://images.squarespace-cdn.com/content/v1/60cbb01990bac806857a85e4/1624479273813-0TIC0789UESAHDQ9PPDU/dellarte+logo-01+%5B50%25%5D.jpg	dellarte_logo-01__50__.jpg
https://images.squarespace-cdn.com/content/v1/60cbb01990bac806857a85e4/1624573486743-JUMLC7CZ3L8LBRBZVIL5/RS50860_Art_Mix_Monsters_Ball_by_George-Young_10_09_14_0005.jpg	RS50860_Art_Mix_Monsters_Ball_by_George-Young_10_09_14_0005.jpg
https://images.squarespace-cdn.com/content/v1/60cbb01990bac806857a85e4/1624573486801-DS08WC0YIZFI4YUZB0H1/14449838_10154610324321942_7673316589592292305_n.jpg	14449838_10154610324321942_7673316589592292305_n.jpg
https://images.squarespace-cdn.com/content/v1/60cbb01990bac806857a85e4/1624573487859-W6U90SPXECWTTDDNIJ9V/IMG_4084.jpg	IMG_4084.jpg
https://images.squarespace-cdn.com/content/v1/60cbb01990bac806857a85e4/1624573489261-S6EUTUEO0G6QB9MA9Y0I/Elaine+acc.+performance+%27cheers%27jpg_2.jpg	Elaine_acc._performance__cheers_jpg_2.jpg
https://images.squarespace-cdn.com/content/v1/60cbb01990bac806857a85e4/1624573489478-SCUKMHVF1T7NEVYS4X5E/170321-Elaine+Lord+Four-062.jpg	170321-Elaine_Lord_Four-062-75766.jpg
https://images.squarespace-cdn.com/content/v1/60cbb01990bac806857a85e4/1624573489918-IWU4FBYVMDNX2LMECSTR/14525011_10154610322061942_7963443868866996314_o.jpg	14525011_10154610322061942_7963443868866996314_o-19466.jpg
https://images.squarespace-cdn.com/content/v1/60cbb01990bac806857a85e4/1624573490702-0GT4LHR5SKJ5ULE1HIOR/Elaine+1_IMG_2747_2.jpg	Elaine_1_IMG_2747_2.jpg
https://images.squarespace-cdn.com/content/v1/60cbb01990bac806857a85e4/1624573491027-A45N7LB19Y63LOLB7PDY/IMG_4034_3.jpg	IMG_4034_3.jpg
https://images.squarespace-cdn.com/content/v1/60cbb01990bac806857a85e4/1624573491382-W2ILBZTGG8I1I8ZPAWOH/14380061_10154610334486942_4924957591513703465_o.jpg	14380061_10154610334486942_4924957591513703465_o-87546.jpg
https://images.squarespace-cdn.com/content/v1/60cbb01990bac806857a85e4/1624573491511-A90L8T8ZRMW3F3XCB6D7/14470442_10154610320506942_8669228880005844702_n.jpg	14470442_10154610320506942_8669228880005844702_n.jpg
https://images.squarespace-cdn.com/content/v1/60cbb01990bac806857a85e4/1624573492798-B4FH86C5NT5BVXT33YW3/170321-Elaine+Lord+Four-035.jpg	170321-Elaine_Lord_Four-035.jpg
https://images.squarespace-cdn.com/content/v1/60cbb01990bac806857a85e4/1624573492863-MMPCYZLYP4G7EVHSHJ5K/12196298_980100575395467_8906070199875393220_n.jpg	12196298_980100575395467_8906070199875393220_n-52983.jpg
https://images.squarespace-cdn.com/content/v1/60cbb01990bac806857a85e4/1624573493295-QSFQB6SKXD4T160TOM8P/13394072_10154303404361942_324958290259965573_n.jpg	13394072_10154303404361942_324958290259965573_n.jpg
https://images.squarespace-cdn.com/content/v1/60cbb01990bac806857a85e4/1624573495494-KW3KCXW4FJDG8TOA8SLP/170321-Elaine+Lord+Four-049+%281%29.jpg	170321-Elaine_Lord_Four-049__1_.jpg
https://images.squarespace-cdn.com/content/v1/60cbb01990bac806857a85e4/1624573495832-B32AJDJ5FQ5PLODNA3KI/170321-Elaine+Lord+Four-139+%281%29.jpg	170321-Elaine_Lord_Four-139__1_.jpg
https://images.squarespace-cdn.com/content/v1/60cbb01990bac806857a85e4/1624573497422-DVLL1PHOZ5MZ3LV58OI9/20626784_10155680324091942_2880786920298282125_o.jpg	20626784_10155680324091942_2880786920298282125_o-76977.jpg
https://images.squarespace-cdn.com/content/v1/60cbb01990bac806857a85e4/1624573497838-QU4C65STC7Z9LU607BTS/170321-Elaine+Lord+Four-209.jpg	170321-Elaine_Lord_Four-209.jpg
https://images.squarespace-cdn.com/content/v1/60cbb01990bac806857a85e4/1624573498119-FUQSZIIQYM9CHWUXT6NB/18446809_10212923932801933_6280749578537974346_n.jpg	18446809_10212923932801933_6280749578537974346_n.jpg
https://images.squarespace-cdn.com/content/v1/60cbb01990bac806857a85e4/1624573518542-X4N5CTOWUVZNZM9AQAAB/170321-Elaine+Lord+Four-150.jpg	170321-Elaine_Lord_Four-150.jpg
https://images.squarespace-cdn.com/content/v1/60cbb01990bac806857a85e4/1624573519865-P4HNVF36VOKSNW0S1SGR/10850231_10152934257086942_3621836809510668674_n.jpg	10850231_10152934257086942_3621836809510668674_n.jpg
https://images.squarespace-cdn.com/content/v1/60cbb01990bac806857a85e4/1624573523131-2SOJ60NOG63JFZM4FALL/170321-Elaine+Lord+Four-089.jpg	170321-Elaine_Lord_Four-089.jpg
https://images.squarespace-cdn.com/content/v1/60cbb01990bac806857a85e4/1624573525828-NN6I06HBKT1R84P2YMWF/170321-Elaine+Lord+Four-062.jpg	170321-Elaine_Lord_Four-062.jpg
https://images.squarespace-cdn.com/content/v1/60cbb01990bac806857a85e4/1624576007303-PEEOTRHC6UUYBGQNU93D/124201392_1797166180421821_4547913841625293697_n.jpg	124201392_1797166180421821_4547913841625293697_n.jpg
https://images.squarespace-cdn.com/content/v1/60cbb01990bac806857a85e4/1624576007548-1K9UP4E6OS4Z8AVGIMHG/124268371_365310551415234_3246849722528747604_n.jpg	124268371_365310551415234_3246849722528747604_n.jpg
https://images.squarespace-cdn.com/content/v1/60cbb01990bac806857a85e4/1624576008132-UDR6UOO2I3ZBPMOZX869/124597629_413931079604169_2116291682545999526_n.jpg	124597629_413931079604169_2116291682545999526_n.jpg
https://images.squarespace-cdn.com/content/v1/60cbb01990bac806857a85e4/1624576043054-1H16RV9V0Z9AAKXKL24N/img_0385.jpg	img_0385.jpg
https://images.squarespace-cdn.com/content/v1/60cbb01990bac806857a85e4/1624578942194-F5MD00RV7EGJY7MF5FP0/14380061_10154610334486942_4924957591513703465_o.jpg	14380061_10154610334486942_4924957591513703465_o.jpg
https://images.squarespace-cdn.com/content/v1/60cbb01990bac806857a85e4/1624578942220-VWRVU72GXYM9H0KGMH2B/14525011_10154610322061942_7963443868866996314_o.jpg	14525011_10154610322061942_7963443868866996314_o.jpg
https://images.squarespace-cdn.com/content/v1/60cbb01990bac806857a85e4/1624578957689-RUHJCQS04SEZL058FCKZ/12196298_980100575395467_8906070199875393220_n.jpg	12196298_980100575395467_8906070199875393220_n.jpg
https://images.squarespace-cdn.com/content/v1/60cbb01990bac806857a85e4/1624578966715-HNL1C1YP7LLAQXSBXPV5/20626784_10155680324091942_2880786920298282125_o.jpg	20626784_10155680324091942_2880786920298282125_o.jpg
https://images.squarespace-cdn.com/content/v1/60cbb01990bac806857a85e4/1624584540905-0D2VB36Z09SWBLXJZG9O/1277543_579932695377622_866216691_o.jpg	1277543_579932695377622_866216691_o.jpg
https://images.squarespace-cdn.com/content/v1/60cbb01990bac806857a85e4/1624587221293-LBZBLYREJFYFUND2LTGH/launchpad.jpg	launchpad.jpg
https://images.squarespace-cdn.com/content/v1/60cbb01990bac806857a85e4/1624648447687-7RKPDJU1S3B4Z93F0F2A/4.jpg	4.jpg
https://images.squarespace-cdn.com/content/v1/60cbb01990bac806857a85e4/1625952049482-5EP54IHUFC2OG9IUZ3SI/vlcsnap-2021-07-10-14h20m23s795.png	vlcsnap-2021-07-10-14h20m23s795.png
https://images.squarespace-cdn.com/content/v1/60cbb01990bac806857a85e4/1626296689627-7TRRWBJYFN4YY127ED9Y/_1220633-Edit.jpg	_1220633-Edit.jpg
https://images.squarespace-cdn.com/content/v1/60cbb01990bac806857a85e4/1626296691390-EEVFJB0X914R8GY30J16/_1220624-Edit.jpg	_1220624-Edit.jpg
https://images.squarespace-cdn.com/content/v1/60cbb01990bac806857a85e4/1626296691657-7CG8HZ11YU99V2V2ZIUJ/_1220616.jpg	_1220616.jpg
https://images.squarespace-cdn.com/content/v1/60cbb01990bac806857a85e4/1626296692620-A6MFC4J045KV4MMWIR63/_1220615.jpg	_1220615.jpg
https://images.squarespace-cdn.com/content/v1/60cbb01990bac806857a85e4/1626296696055-APW8E0AFXSVP3NN9T25M/_1220603.jpg	_1220603.jpg
https://images.squarespace-cdn.com/content/v1/60cbb01990bac806857a85e4/1626296696997-BF7EJ5PO7JT13C00F6JV/_1220606.jpg	_1220606.jpg
https://images.squarespace-cdn.com/content/v1/60cbb01990bac806857a85e4/1626296701129-ZOH43AV271ENNIPW6822/_1220597-Edit.jpg	_1220597-Edit.jpg
https://images.squarespace-cdn.com/content/v1/60cbb01990bac806857a85e4/1626296701853-29OL3TRP5CTGJ8C038LC/_1220592-Edit.jpg	_1220592-Edit.jpg
https://images.squarespace-cdn.com/content/v1/60cbb01990bac806857a85e4/1626296703017-29JORZ90QCON9S2TIGHA/_1220588.jpg	_1220588.jpg
https://images.squarespace-cdn.com/content/v1/60cbb01990bac806857a85e4/1626296704979-H7B2X8ERWX4GOFI80DHB/_1220578.jpg	_1220578.jpg
https://images.squarespace-cdn.com/content/v1/60cbb01990bac806857a85e4/1626301427042-O73EAPWU6N7YNVKC5EG4/1292844_579932542044304_2075747638_o.jpg	1292844_579932542044304_2075747638_o.jpg
https://images.squarespace-cdn.com/content/v1/60cbb01990bac806857a85e4/1626301581827-JA4YK02Y418BT8WLOW2P/1932529_10100256497064883_1534115431_o.jpg	1932529_10100256497064883_1534115431_o.jpg
https://images.squarespace-cdn.com/content/v1/60cbb01990bac806857a85e4/1626370794780-VAM9ZUBPJRIR8RE9JCRM/launchchess-social.jpg	launchchess-social.jpg
https://images.squarespace-cdn.com/content/v1/60cbb01990bac806857a85e4/1626370817131-I2XVNLRJMC47H09MAB7N/20210424_132456.jpg	20210424_132456.jpg
https://images.squarespace-cdn.com/content/v1/60cbb01990bac806857a85e4/1626370827566-EGJGYC78UNMNYAVHUE4E/20210423_180344.jpg	20210423_180344.jpg
https://images.squarespace-cdn.com/content/v1/60cbb01990bac806857a85e4/1626370835501-3B5PQN5F02FV20PKJH13/20210423_180339.jpg	20210423_180339.jpg
https://images.squarespace-cdn.com/content/v1/60cbb01990bac806857a85e4/1626370862587-TKS1PEZE89S8XSI46HAI/20210410_093237.jpg	20210410_093237.jpg
https://images.squarespace-cdn.com/content/v1/60cbb01990bac806857a85e4/1626370909328-M1H5WJ2FZPBFKRGT8IA2/20210313_152145.jpg	20210313_152145.jpg
https://images.squarespace-cdn.com/content/v1/60cbb01990bac806857a85e4/1626823591387-X2AM21W8JKIK6VJ8DE3F/ira-circuit.jpg	ira-circuit.jpg
https://images.squarespace-cdn.com/content/v1/60cbb01990bac806857a85e4/1627420013118-7SJ5C79K8MTQJ1QI8C5H/c%26r-poster.png	c_r-poster.png
https://images.squarespace-cdn.com/content/v1/60cbb01990bac806857a85e4/1627501902477-E10DF9CJRJUVKK0C46L2/RockyHorror2013-poster.png	RockyHorror2013-poster.png
https://images.squarespace-cdn.com/content/v1/60cbb01990bac806857a85e4/1627502306260-XTDKRVG8SMHVP5Q4SQEM/rockyhorror%2Bthumb.jpg	rockyhorror_thumb.jpg
https://images.squarespace-cdn.com/content/v1/60cbb01990bac806857a85e4/1627502306724-I28R7N88SZDDKCCEU6ZE/10498516_1527557630797908_1223917157036545027_o.jpg	10498516_1527557630797908_1223917157036545027_o.jpg
https://images.squarespace-cdn.com/content/v1/60cbb01990bac806857a85e4/1627502307146-JH4LGP3BHENGNGKBR5P4/vlcsnap-2020-05-18-13h46m01s668.jpg	vlcsnap-2020-05-18-13h46m01s668.jpg
https://images.squarespace-cdn.com/content/v1/60cbb01990bac806857a85e4/1627506047719-0Y1QN2AS30SR4MW6M48H/Rocky2013-rain.gif	Rocky2013-rain.gif
https://images.squarespace-cdn.com/content/v1/60cbb01990bac806857a85e4/1627506577192-SQGC6P8OQ9VZPFVK3VPZ/Rocky2013-elbow2.gif	Rocky2013-elbow2.gif
https://images.squarespace-cdn.com/content/v1/60cbb01990bac806857a85e4/1627507163191-BCTXJS2LD5VOWLOAQ861/Rocky2013-blastoff.gif	Rocky2013-blastoff.gif
https://images.squarespace-cdn.com/content/v1/60cbb01990bac806857a85e4/1627509568982-7CVWBOIRNPNZ0RBOA1V6/Rocky+Horror+2013-f042153.png	Rocky_Horror_2013-f042153.png
https://images.squarespace-cdn.com/content/v1/60cbb01990bac806857a85e4/1627509605161-3NRPX33MX2F6FWKTJS5Y/Rocky2013-preshow-2397-2997-f026450.png	Rocky2013-preshow-2397-2997-f026450.png
https://images.squarespace-cdn.com/content/v1/60cbb01990bac806857a85e4/1627509609226-A6B6PIHZ8BJWF0309B4F/Rocky2013-preshow-2397-2997-f018077.png	Rocky2013-preshow-2397-2997-f018077.png
https://images.squarespace-cdn.com/content/v1/60cbb01990bac806857a85e4/1627509611507-NCFW6YGSQ0UDNPZSV4A8/Rocky2013-2397-2997-f017856.png	Rocky2013-2397-2997-f017856.png
https://images.squarespace-cdn.com/content/v1/60cbb01990bac806857a85e4/1627510234815-17PLJMWCA0L6NP8BJ2YF/Rocky+Horror+2013-f019117.png	Rocky_Horror_2013-f019117.png
https://images.squarespace-cdn.com/content/v1/60cbb01990bac806857a85e4/1627510413763-SBDVKQJQRHPCJGCYXFFN/Rocky2013-preshow-2397-2997-f175744.png	Rocky2013-preshow-2397-2997-f175744.png
https://images.squarespace-cdn.com/content/v1/60cbb01990bac806857a85e4/1627510559151-ZMUV5HLJVA3EL2HY287X/Rocky2013-preshow-2397-2997-f175776.png	Rocky2013-preshow-2397-2997-f175776.png
https://images.squarespace-cdn.com/content/v1/60cbb01990bac806857a85e4/1627945329495-68V77PNSW7KQLG8XI597/4D9B0830-A680-4356-9CF9-112EB8931E09.jpeg	4D9B0830-A680-4356-9CF9-112EB8931E09.jpeg
https://images.squarespace-cdn.com/content/v1/60cbb01990bac806857a85e4/1627946490959-8ZVTTFFJKKT1PXGD4NM6/ira.gif	ira.gif
https://images.squarespace-cdn.com/content/v1/60cbb01990bac806857a85e4/1627950949394-HN0WKGBKK23P131J8Y4A/1924057_514750484003_9936_n.jpg	1924057_514750484003_9936_n.jpg
https://images.squarespace-cdn.com/content/v1/60cbb01990bac806857a85e4/1627951226217-H09X42M8715BGQ32MRE1/MammaMia.gif	MammaMia.gif
https://images.squarespace-cdn.com/content/v1/60cbb01990bac806857a85e4/1628187617643-PC77FTV3RMRG4TV0Y2VE/901706_10151587925307958_490335501_o.jpg	901706_10151587925307958_490335501_o.jpg
https://images.squarespace-cdn.com/content/v1/60cbb01990bac806857a85e4/1628187617741-MYTI6TY1KT185MWNEUZF/902049_506114469449631_798838221_o.jpg	902049_506114469449631_798838221_o.jpg
https://images.squarespace-cdn.com/content/v1/60cbb01990bac806857a85e4/1628187618799-91WS9F56AWBZKJYIO9BZ/892248_2985666656613_1489999958_o.jpg	892248_2985666656613_1489999958_o.jpg
https://images.squarespace-cdn.com/content/v1/60cbb01990bac806857a85e4/1628187619700-3Y8XUIV3P3SEQ8UXPW2S/892212_2985667256628_403884632_o.jpg	892212_2985667256628_403884632_o.jpg
https://images.squarespace-cdn.com/content/v1/60cbb01990bac806857a85e4/1628188892235-E057W9MKNTYS1YDZGQGV/tuna-58.jpg	tuna-58.jpg
https://images.squarespace-cdn.com/content/v1/60cbb01990bac806857a85e4/1628188893669-375VBWW7G4XTEPREVNLP/tuna-17.jpg	tuna-17.jpg
https://images.squarespace-cdn.com/content/v1/60cbb01990bac806857a85e4/1628188896205-S5CRH4JHCN9J0QBKIKMK/tuna-.jpg	tuna-.jpg
https://images.squarespace-cdn.com/content/v1/60cbb01990bac806857a85e4/1628188896382-EY6L3AU128G4O0CIA2LV/tuna-51.jpg	tuna-51.jpg
https://images.squarespace-cdn.com/content/v1/60cbb01990bac806857a85e4/1628188898539-TXUAU6NOINFQPKE1HPH7/tuna-42.jpg	tuna-42.jpg
https://images.squarespace-cdn.com/content/v1/60cbb01990bac806857a85e4/1628188900154-N0PEWZF0EB57HF12JGZ0/tuna-40.jpg	tuna-40.jpg
https://images.squarespace-cdn.com/content/v1/60cbb01990bac806857a85e4/1628188900409-8O5QP2N25NUNYO0PXJ0Q/tuna-37.jpg	tuna-37.jpg
https://images.squarespace-cdn.com/content/v1/60cbb01990bac806857a85e4/1628188902434-1PPHDNJROGS7G4KB0O3M/tuna-36.jpg	tuna-36.jpg
https://images.squarespace-cdn.com/content/v1/60cbb01990bac806857a85e4/1628188905609-LJP9P25Z95GAZFO825ZZ/tuna-34.jpg	tuna-34.jpg
https://images.squarespace-cdn.com/content/v1/60cbb01990bac806857a85e4/1628188907145-AB74ACMMJPXI535T69FL/tuna-29.jpg	tuna-29.jpg
https://images.squarespace-cdn.com/content/v1/60cbb01990bac806857a85e4/1628188909390-24KQWFMI7HFEFUDRJQ8T/tuna-21.jpg	tuna-21.jpg
https://images.squarespace-cdn.com/content/v1/60cbb01990bac806857a85e4/1628188909846-QAILP4EQ3F6F0QP6NS1B/tuna-24.jpg	tuna-24.jpg
https://images.squarespace-cdn.com/content/v1/60cbb01990bac806857a85e4/1628188909956-75QXBGBXM5891MKJCGV6/tuna-16.jpg	tuna-16.jpg
https://images.squarespace-cdn.com/content/v1/60cbb01990bac806857a85e4/1628188910418-ADZ19X1L7JRLEF0EWFE3/tuna-15.jpg	tuna-15.jpg
https://images.squarespace-cdn.com/content/v1/60cbb01990bac806857a85e4/1631063123225-JYHHHLPE0E1LEN1Q1RVI/44178276_10156780068018205_1752170511569256448_n.jpg	44178276_10156780068018205_1752170511569256448_n.jpg
https://images.squarespace-cdn.com/content/v1/60cbb01990bac806857a85e4/1631118917920-XW8ZSUQ2Y17UH94USYVR/Apple+Strudelers+-backyard.jpg	Apple_Strudelers_-backyard.jpg
https://images.squarespace-cdn.com/content/v1/60cbb01990bac806857a85e4/1634164907937-OL612K85R2BQZAT32H62/20211013_154031.jpg	20211013_154031.jpg
https://images.squarespace-cdn.com/content/v1/60cbb01990bac806857a85e4/21507c52-5703-496b-8f0d-67c203e7787a/untitled-f087924.jpg	untitled-f087924.jpg
https://images.squarespace-cdn.com/content/v1/60cbb01990bac806857a85e4/236d5aa7-2916-42a0-934b-1939e63cb896/image-asset.jpeg	image-asset.jpeg
https://images.squarespace-cdn.com/content/v1/60cbb01990bac806857a85e4/2fd921ea-8386-428b-bfd0-851654066c44/67186_596116520813_2222940_n.jpg	67186_596116520813_2222940_n.jpg
https://images.squarespace-cdn.com/content/v1/60cbb01990bac806857a85e4/3e7f37ff-edec-43c6-aac6-65ac53df375c/Harpo-sax%2Bsmall.jpg	Harpo-sax_small.jpg
https://images.squarespace-cdn.com/content/v1/60cbb01990bac806857a85e4/4194b2e0-b82e-4001-b673-ff8a0dfdc606/untitled-f012533.jpg	untitled-f012533.jpg
https://images.squarespace-cdn.com/content/v1/60cbb01990bac806857a85e4/4c6da7f3-b001-4377-a841-739a6455231a/Cesar-and-Ruben.png	Cesar-and-Ruben.png
https://images.squarespace-cdn.com/content/v1/60cbb01990bac806857a85e4/4f1c0285-1629-4234-b254-b3bc9800c40b/untitled-f056276.jpg	untitled-f056276.jpg
https://images.squarespace-cdn.com/content/v1/60cbb01990bac806857a85e4/83aaaf89-0f29-4bf0-8f12-5adac3b214a5/untitled-f101152.jpg	untitled-f101152.jpg
https://images.squarespace-cdn.com/content/v1/60cbb01990bac806857a85e4/86c56f38-05fa-481c-8309-ad99804ef8ee/cc01b6709c41b7d670368b8a18e70fc774e316a3-1.jpeg	cc01b6709c41b7d670368b8a18e70fc774e316a3-1.jpeg
https://images.squarespace-cdn.com/content/v1/60cbb01990bac806857a85e4/88c101c0-f2c6-49a1-9665-4c0c5164d8b8/untitled-f036838.jpg	untitled-f036838.jpg
https://images.squarespace-cdn.com/content/v1/60cbb01990bac806857a85e4/88cd9b92-2472-4d84-9b69-03918daf4a14/untitled-f059971.jpg	untitled-f059971.jpg
https://images.squarespace-cdn.com/content/v1/60cbb01990bac806857a85e4/8bb78468-f013-44b8-a051-68e01dc6a17c/ECHS-previs+floor+plan.jpg	ECHS-previs_floor_plan.jpg
https://images.squarespace-cdn.com/content/v1/60cbb01990bac806857a85e4/9363777f-0ae6-4120-9550-bbae1c69ca1d/4411343495_ed1d5181a2_o.jpg	4411343495_ed1d5181a2_o.jpg
https://images.squarespace-cdn.com/content/v1/60cbb01990bac806857a85e4/a5ce6e4d-c042-4c0c-8b8b-a229d4a32d45/untitled-f049565.jpg	untitled-f049565.jpg
https://images.squarespace-cdn.com/content/v1/60cbb01990bac806857a85e4/acf176fc-5629-4fe9-91cc-eee7d5a1e6f2/untitled-f035543.jpg	untitled-f035543.jpg
https://images.squarespace-cdn.com/content/v1/60cbb01990bac806857a85e4/daab301e-11d7-4569-ac69-ed6a8dd0481a/242392207_3153389374881384_2590466301058065560_n.jpg	242392207_3153389374881384_2590466301058065560_n.jpg
https://images.squarespace-cdn.com/content/v1/60cbb01990bac806857a85e4/f1fe8148-1319-412e-9d36-b86390c0a45a/h1%2Bsync1b.jpg	h1_sync1b.jpg
https://images.squarespace-cdn.com/content/v1/60cbb01990bac806857a85e4/f7c8c15c-732b-42ed-8361-c843a6c18c83/image3.jpeg	image3.jpeg
